Disease (MeSH),Pathway (Reactome),Relationship
MeSH_Disease:D009083,Reactome_Pathway:R-HSA-2206308,-disease_involves->
MeSH_Disease:D006008,Reactome_Pathway:R-HSA-3828062,-disease_involves->
MeSH_Disease:D014375,Reactome_Pathway:R-HSA-9635644,-disease_involves->
MeSH_Disease:D009369,Reactome_Pathway:R-HSA-9634285,-disease_involves->
MeSH_Disease:D012174,Reactome_Pathway:R-HSA-4755609,-disease_involves->
MeSH_Disease:C538365,Reactome_Pathway:R-HSA-4755609,-disease_involves->
MeSH_Disease:D007153,Reactome_Pathway:R-HSA-5602680,-disease_involves->
MeSH_Disease:D014375,Reactome_Pathway:R-HSA-9637690,-disease_involves->
MeSH_Disease:D009369,Reactome_Pathway:R-HSA-9605308,-disease_involves->
MeSH_Disease:D009369,Reactome_Pathway:R-HSA-1227990,-disease_involves->
MeSH_Disease:D008545,Reactome_Pathway:R-HSA-9710421,-disease_involves->
MeSH_Disease:D003110,Reactome_Pathway:R-HSA-9710421,-disease_involves->
MeSH_Disease:D000077192,Reactome_Pathway:R-HSA-9710421,-disease_involves->
MeSH_Disease:D010282,Reactome_Pathway:R-HSA-5339717,-disease_involves->
MeSH_Disease:D001943,Reactome_Pathway:R-HSA-5339717,-disease_involves->
MeSH_Disease:D001943,Reactome_Pathway:R-HSA-9710421,-disease_involves->
MeSH_Disease:D009369,Reactome_Pathway:R-HSA-9682385,-disease_involves->
MeSH_Disease:D004194,Reactome_Pathway:R-HSA-9675132,-disease_involves->
MeSH_Disease:D016773,Reactome_Pathway:R-HSA-9664323,-disease_involves->
MeSH_Disease:D014375,Reactome_Pathway:R-HSA-9636569,-disease_involves->
MeSH_Disease:D003354,Reactome_Pathway:R-HSA-5336415,-disease_involves->
MeSH_Disease:D015658,Reactome_Pathway:R-HSA-167169,-disease_involves->
MeSH_Disease:D012878,Reactome_Pathway:R-HSA-5579004,-disease_involves->
MeSH_Disease:D000077195,Reactome_Pathway:R-HSA-9710421,-disease_involves->
MeSH_Disease:D009369,Reactome_Pathway:R-HSA-9710421,-disease_involves->
MeSH_Disease:D009369,Reactome_Pathway:R-HSA-9702569,-disease_involves->
MeSH_Disease:D009369,Reactome_Pathway:R-HSA-9630747,-disease_involves->
MeSH_Disease:D009369,Reactome_Pathway:R-HSA-9704646,-disease_involves->
MeSH_Disease:D009369,Reactome_Pathway:R-HSA-9616333,-disease_involves->
MeSH_Disease:D015658,Reactome_Pathway:R-HSA-167162,-disease_involves->
MeSH_Disease:D007153,Reactome_Pathway:R-HSA-5602415,-disease_involves->
MeSH_Disease:D009369,Reactome_Pathway:R-HSA-9646303,-disease_involves->
MeSH_Disease:D009369,Reactome_Pathway:R-HSA-9630221,-disease_involves->
MeSH_Disease:D009369,Reactome_Pathway:R-HSA-9687136,-disease_involves->
MeSH_Disease:D007251,Reactome_Pathway:R-HSA-168268,-disease_involves->
MeSH_Disease:D007251,Reactome_Pathway:R-HSA-168316,-disease_involves->
MeSH_Disease:D000881,Reactome_Pathway:R-HSA-5210891,-disease_involves->
MeSH_Disease:D009369,Reactome_Pathway:R-HSA-9702506,-disease_involves->
MeSH_Disease:D000307,Reactome_Pathway:R-HSA-5579021,-disease_involves->
MeSH_Disease:D045169,Reactome_Pathway:R-HSA-9692913,-disease_involves->
MeSH_Disease:D006819,Reactome_Pathway:R-HSA-5683678,-disease_involves->
MeSH_Disease:D015658,Reactome_Pathway:R-HSA-167246,-disease_involves->
MeSH_Disease:D006467,Reactome_Pathway:R-HSA-9662001,-disease_involves->
MeSH_Disease:D007251,Reactome_Pathway:R-HSA-168255,-disease_involves->
MeSH_Disease:D045169,Reactome_Pathway:R-HSA-9683683,-disease_involves->
MeSH_Disease:D015658,Reactome_Pathway:R-HSA-164944,-disease_involves->
MeSH_Disease:D008850,Reactome_Pathway:R-HSA-5683371,-disease_involves->
MeSH_Disease:D005953,Reactome_Pathway:R-HSA-3274531,-disease_involves->
MeSH_Disease:D005693,Reactome_Pathway:R-HSA-5609978,-disease_involves->
MeSH_Disease:D006011,Reactome_Pathway:R-HSA-3878781,-disease_involves->
MeSH_Disease:D015658,Reactome_Pathway:R-HSA-167590,-disease_involves->
MeSH_Disease:D009369,Reactome_Pathway:R-HSA-3656535,-disease_involves->
MeSH_Disease:D045169,Reactome_Pathway:R-HSA-9683439,-disease_involves->
MeSH_Disease:D014375,Reactome_Pathway:R-HSA-9637698,-disease_involves->
MeSH_Disease:D016773,Reactome_Pathway:R-HSA-9658195,-disease_involves->
MeSH_Disease:D020258,Reactome_Pathway:R-HSA-5579007,-disease_involves->
MeSH_Disease:D045169,Reactome_Pathway:R-HSA-9683686,-disease_involves->
MeSH_Disease:D015499,Reactome_Pathway:R-HSA-5619047,-disease_involves->
MeSH_Disease:D045169,Reactome_Pathway:R-HSA-9679504,-disease_involves->
MeSH_Disease:D016773,Reactome_Pathway:R-HSA-9664424,-disease_involves->
MeSH_Disease:D008661,Reactome_Pathway:R-HSA-5579022,-disease_involves->
MeSH_Disease:D009369,Reactome_Pathway:R-HSA-9669921,-disease_involves->
MeSH_Disease:D001906,Reactome_Pathway:R-HSA-5250989,-disease_involves->
MeSH_Disease:D007153,Reactome_Pathway:R-HSA-5602571,-disease_involves->
MeSH_Disease:D020143,Reactome_Pathway:R-HSA-3656248,-disease_involves->
MeSH_Disease:D016773,Reactome_Pathway:R-HSA-9660826,-disease_involves->
MeSH_Disease:D030342,Reactome_Pathway:R-HSA-9675135,-disease_involves->
MeSH_Disease:D045169,Reactome_Pathway:R-HSA-9692912,-disease_involves->
MeSH_Disease:D014375,Reactome_Pathway:R-HSA-1222449,-disease_involves->
MeSH_Disease:D002780,Reactome_Pathway:R-HSA-5678520,-disease_involves->
MeSH_Disease:D009369,Reactome_Pathway:R-HSA-9709603,-disease_involves->
MeSH_Disease:D009369,Reactome_Pathway:R-HSA-6802948,-disease_involves->
MeSH_Disease:D008661,Reactome_Pathway:R-HSA-5579006,-disease_involves->
MeSH_Disease:D007153,Reactome_Pathway:R-HSA-5602410,-disease_involves->
MeSH_Disease:D016538,Reactome_Pathway:R-HSA-2206292,-disease_involves->
MeSH_Disease:D015658,Reactome_Pathway:R-HSA-174495,-disease_involves->
MeSH_Disease:D009369,Reactome_Pathway:R-HSA-9701193,-disease_involves->
MeSH_Disease:D006467,Reactome_Pathway:R-HSA-9672391,-disease_involves->
MeSH_Disease:D009369,Reactome_Pathway:R-HSA-9704331,-disease_involves->
MeSH_Disease:D009369,Reactome_Pathway:R-HSA-1839128,-disease_involves->
MeSH_Disease:D014777,Reactome_Pathway:R-HSA-9686347,-disease_involves->
MeSH_Disease:D001102,Reactome_Pathway:R-HSA-9686347,-disease_involves->
MeSH_Disease:D001424,Reactome_Pathway:R-HSA-9686347,-disease_involves->
MeSH_Disease:D007251,Reactome_Pathway:R-HSA-168276,-disease_involves->
MeSH_Disease:D009369,Reactome_Pathway:R-HSA-8853334,-disease_involves->
MeSH_Disease:D006009,Reactome_Pathway:R-HSA-5357609,-disease_involves->
MeSH_Disease:D007251,Reactome_Pathway:R-HSA-192905,-disease_involves->
MeSH_Disease:D008052,Reactome_Pathway:R-HSA-5679096,-disease_involves->
MeSH_Disease:D007251,Reactome_Pathway:R-HSA-168325,-disease_involves->
MeSH_Disease:D020790,Reactome_Pathway:R-HSA-9036092,-disease_involves->
MeSH_Disease:D009369,Reactome_Pathway:R-HSA-9717316,-disease_involves->
MeSH_Disease:D015658,Reactome_Pathway:R-HSA-167238,-disease_involves->
MeSH_Disease:D020144,Reactome_Pathway:R-HSA-5619111,-disease_involves->
MeSH_Disease:D009369,Reactome_Pathway:R-HSA-5637810,-disease_involves->
MeSH_Disease:D015179,Reactome_Pathway:R-HSA-5339700,-disease_involves->
MeSH_Disease:D015658,Reactome_Pathway:R-HSA-174490,-disease_involves->
MeSH_Disease:D013742,Reactome_Pathway:R-HSA-5250982,-disease_involves->
MeSH_Disease:D009369,Reactome_Pathway:R-HSA-9669936,-disease_involves->
MeSH_Disease:D009369,Reactome_Pathway:R-HSA-5637812,-disease_involves->
MeSH_Disease:D020790,Reactome_Pathway:R-HSA-5619099,-disease_involves->
MeSH_Disease:D015658,Reactome_Pathway:R-HSA-167161,-disease_involves->
MeSH_Disease:D014375,Reactome_Pathway:R-HSA-9637679,-disease_involves->
MeSH_Disease:D005633,Reactome_Pathway:R-HSA-5657560,-disease_involves->
MeSH_Disease:D045169,Reactome_Pathway:R-HSA-9692916,-disease_involves->
MeSH_Disease:D009369,Reactome_Pathway:R-HSA-5638302,-disease_involves->
MeSH_Disease:D005878,Reactome_Pathway:R-HSA-5579016,-disease_involves->
MeSH_Disease:D009369,Reactome_Pathway:R-HSA-9669924,-disease_involves->
MeSH_Disease:D007566,Reactome_Pathway:R-HSA-5679001,-disease_involves->
MeSH_Disease:D007251,Reactome_Pathway:R-HSA-168277,-disease_involves->
MeSH_Disease:D015658,Reactome_Pathway:R-HSA-164940,-disease_involves->
MeSH_Disease:D008088,Reactome_Pathway:R-HSA-8876384,-disease_involves->
MeSH_Disease:D009369,Reactome_Pathway:R-HSA-9661070,-disease_involves->
MeSH_Disease:D002239,Reactome_Pathway:R-HSA-6791461,-disease_involves->
MeSH_Disease:D006933,Reactome_Pathway:R-HSA-5579016,-disease_involves->
MeSH_Disease:D006932,Reactome_Pathway:R-HSA-5579016,-disease_involves->
MeSH_Disease:D003414,Reactome_Pathway:R-HSA-5579016,-disease_involves->
MeSH_Disease:D009369,Reactome_Pathway:R-HSA-9717301,-disease_involves->
MeSH_Disease:D008661,Reactome_Pathway:R-HSA-9035968,-disease_involves->
MeSH_Disease:D030342,Reactome_Pathway:R-HSA-9693928,-disease_involves->
MeSH_Disease:D009369,Reactome_Pathway:R-HSA-1839120,-disease_involves->
MeSH_Disease:D015518,Reactome_Pathway:R-HSA-9022537,-disease_involves->
MeSH_Disease:D009369,Reactome_Pathway:R-HSA-3656532,-disease_involves->
MeSH_Disease:D009369,Reactome_Pathway:R-HSA-5638303,-disease_involves->
MeSH_Disease:D007153,Reactome_Pathway:R-HSA-5603029,-disease_involves->
MeSH_Disease:D004535,Reactome_Pathway:R-HSA-4420332,-disease_involves->
MeSH_Disease:D002239,Reactome_Pathway:R-HSA-6791462,-disease_involves->
MeSH_Disease:D009369,Reactome_Pathway:R-HSA-9669926,-disease_involves->
MeSH_Disease:D015658,Reactome_Pathway:R-HSA-171286,-disease_involves->
MeSH_Disease:D015658,Reactome_Pathway:R-HSA-175474,-disease_involves->
MeSH_Disease:D008088,Reactome_Pathway:R-HSA-8876493,-disease_involves->
MeSH_Disease:D009369,Reactome_Pathway:R-HSA-9703648,-disease_involves->
MeSH_Disease:D009369,Reactome_Pathway:R-HSA-3304347,-disease_involves->
MeSH_Disease:D006319,Reactome_Pathway:R-HSA-5619046,-disease_involves->
MeSH_Disease:D007153,Reactome_Pathway:R-HSA-5602358,-disease_involves->
MeSH_Disease:D006042,Reactome_Pathway:R-HSA-5619046,-disease_involves->
MeSH_Disease:D015499,Reactome_Pathway:R-HSA-5619040,-disease_involves->
MeSH_Disease:D015499,Reactome_Pathway:R-HSA-5619098,-disease_involves->
MeSH_Disease:D000307,Reactome_Pathway:R-HSA-5579017,-disease_involves->
MeSH_Disease:D009369,Reactome_Pathway:R-HSA-3311021,-disease_involves->
MeSH_Disease:D006933,Reactome_Pathway:R-HSA-5619110,-disease_involves->
MeSH_Disease:D006932,Reactome_Pathway:R-HSA-5619110,-disease_involves->
MeSH_Disease:D005902,Reactome_Pathway:R-HSA-5579000,-disease_involves->
MeSH_Disease:D009369,Reactome_Pathway:R-HSA-9709275,-disease_involves->
MeSH_Disease:D006467,Reactome_Pathway:R-HSA-9672395,-disease_involves->
MeSH_Disease:D005902,Reactome_Pathway:R-HSA-5579000,-disease_involves->
MeSH_Disease:D007251,Reactome_Pathway:R-HSA-168271,-disease_involves->
MeSH_Disease:D005901,Reactome_Pathway:R-HSA-5579000,-disease_involves->
MeSH_Disease:D015658,Reactome_Pathway:R-HSA-180897,-disease_involves->
MeSH_Disease:D011561,Reactome_Pathway:R-HSA-5690338,-disease_involves->
MeSH_Disease:D016532,Reactome_Pathway:R-HSA-2206296,-disease_involves->
MeSH_Disease:D007251,Reactome_Pathway:R-HSA-168270,-disease_involves->
MeSH_Disease:D009369,Reactome_Pathway:R-HSA-9673768,-disease_involves->
MeSH_Disease:D004535,Reactome_Pathway:R-HSA-3595174,-disease_involves->
MeSH_Disease:D007153,Reactome_Pathway:R-HSA-5602566,-disease_involves->
MeSH_Disease:D009369,Reactome_Pathway:R-HSA-5655291,-disease_involves->
MeSH_Disease:D015658,Reactome_Pathway:R-HSA-176034,-disease_involves->
MeSH_Disease:D000592,Reactome_Pathway:R-HSA-5619079,-disease_involves->
MeSH_Disease:D002239,Reactome_Pathway:R-HSA-5663084,-disease_involves->
MeSH_Disease:D007251,Reactome_Pathway:R-HSA-192869,-disease_involves->
MeSH_Disease:D007251,Reactome_Pathway:R-HSA-168288,-disease_involves->
MeSH_Disease:D002239,Reactome_Pathway:R-HSA-5659996,-disease_involves->
MeSH_Disease:D004194,Reactome_Pathway:R-HSA-1643685,-disease_involves->
MeSH_Disease:D000749,Reactome_Pathway:R-HSA-3359457,-disease_involves->
MeSH_Disease:D001477,Reactome_Pathway:R-HSA-5619104,-disease_involves->
MeSH_Disease:D009369,Reactome_Pathway:R-HSA-9664565,-disease_involves->
MeSH_Disease:D015658,Reactome_Pathway:R-HSA-162587,-disease_involves->
MeSH_Disease:D015658,Reactome_Pathway:R-HSA-164938,-disease_involves->
MeSH_Disease:D045169,Reactome_Pathway:R-HSA-9735869,-disease_involves->
MeSH_Disease:D009369,Reactome_Pathway:R-HSA-5358752,-disease_involves->
MeSH_Disease:D009369,Reactome_Pathway:R-HSA-9669914,-disease_involves->
MeSH_Disease:D002239,Reactome_Pathway:R-HSA-6791465,-disease_involves->
MeSH_Disease:D005953,Reactome_Pathway:R-HSA-3229133,-disease_involves->
MeSH_Disease:D002239,Reactome_Pathway:R-HSA-6791055,-disease_involves->
MeSH_Disease:D009369,Reactome_Pathway:R-HSA-1643713,-disease_involves->
MeSH_Disease:D007251,Reactome_Pathway:R-HSA-168336,-disease_involves->
MeSH_Disease:D007153,Reactome_Pathway:R-HSA-5260271,-disease_involves->
MeSH_Disease:D009369,Reactome_Pathway:R-HSA-2033515,-disease_involves->
MeSH_Disease:D009369,Reactome_Pathway:R-HSA-3656534,-disease_involves->
MeSH_Disease:D000592,Reactome_Pathway:R-HSA-5619041,-disease_involves->
MeSH_Disease:D012164,Reactome_Pathway:R-HSA-6809583,-disease_involves->
MeSH_Disease:D009369,Reactome_Pathway:R-HSA-9723907,-disease_involves->
MeSH_Disease:D016773,Reactome_Pathway:R-HSA-9664535,-disease_involves->
MeSH_Disease:D009369,Reactome_Pathway:R-HSA-9717264,-disease_involves->
MeSH_Disease:D009369,Reactome_Pathway:R-HSA-9687139,-disease_involves->
MeSH_Disease:D015499,Reactome_Pathway:R-HSA-5658208,-disease_involves->
MeSH_Disease:D009369,Reactome_Pathway:R-HSA-2033519,-disease_involves->
MeSH_Disease:D045169,Reactome_Pathway:R-HSA-9683612,-disease_involves->
MeSH_Disease:D009369,Reactome_Pathway:R-HSA-2691232,-disease_involves->
MeSH_Disease:D009369,Reactome_Pathway:R-HSA-9675136,-disease_involves->
MeSH_Disease:D009369,Reactome_Pathway:R-HSA-9723905,-disease_involves->
MeSH_Disease:D007251,Reactome_Pathway:R-HSA-168298,-disease_involves->
MeSH_Disease:D008661,Reactome_Pathway:R-HSA-5619035,-disease_involves->
MeSH_Disease:D002291,Reactome_Pathway:R-HSA-5619107,-disease_involves->
MeSH_Disease:D009369,Reactome_Pathway:R-HSA-2644603,-disease_involves->
MeSH_Disease:D015458,Reactome_Pathway:R-HSA-2691230,-disease_involves->
MeSH_Disease:D009369,Reactome_Pathway:R-HSA-2691230,-disease_involves->
MeSH_Disease:D009369,Reactome_Pathway:R-HSA-9674401,-disease_involves->
MeSH_Disease:D009369,Reactome_Pathway:R-HSA-9669929,-disease_involves->
MeSH_Disease:D009369,Reactome_Pathway:R-HSA-9659787,-disease_involves->
MeSH_Disease:D045169,Reactome_Pathway:R-HSA-9683673,-disease_involves->
MeSH_Disease:D015658,Reactome_Pathway:R-HSA-167243,-disease_involves->
MeSH_Disease:D045169,Reactome_Pathway:R-HSA-9683610,-disease_involves->
MeSH_Disease:D015658,Reactome_Pathway:R-HSA-176033,-disease_involves->
MeSH_Disease:D009369,Reactome_Pathway:R-HSA-9661069,-disease_involves->
MeSH_Disease:D015658,Reactome_Pathway:R-HSA-167290,-disease_involves->
MeSH_Disease:D012734,Reactome_Pathway:R-HSA-5579030,-disease_involves->
MeSH_Disease:D011545,Reactome_Pathway:R-HSA-5579030,-disease_involves->
MeSH_Disease:D015458,Reactome_Pathway:R-HSA-2691232,-disease_involves->
MeSH_Disease:D009369,Reactome_Pathway:R-HSA-1226099,-disease_involves->
MeSH_Disease:D009369,Reactome_Pathway:R-HSA-9674403,-disease_involves->
MeSH_Disease:D002836,Reactome_Pathway:R-HSA-9673218,-disease_involves->
MeSH_Disease:D000740,Reactome_Pathway:R-HSA-5579032,-disease_involves->
MeSH_Disease:D008661,Reactome_Pathway:R-HSA-5579019,-disease_involves->
MeSH_Disease:D009369,Reactome_Pathway:R-HSA-9701190,-disease_involves->
MeSH_Disease:D015658,Reactome_Pathway:R-HSA-180910,-disease_involves->
MeSH_Disease:D009369,Reactome_Pathway:R-HSA-9717319,-disease_involves->
MeSH_Disease:D007251,Reactome_Pathway:R-HSA-168302,-disease_involves->
MeSH_Disease:D015658,Reactome_Pathway:R-HSA-167160,-disease_involves->
MeSH_Disease:D006008,Reactome_Pathway:R-HSA-3785653,-disease_involves->
MeSH_Disease:D009369,Reactome_Pathway:R-HSA-9652817,-disease_involves->
MeSH_Disease:D008052,Reactome_Pathway:R-HSA-9759785,-disease_involves->
MeSH_Disease:D012279,Reactome_Pathway:R-HSA-5579027,-disease_involves->
MeSH_Disease:D009369,Reactome_Pathway:R-HSA-9717329,-disease_involves->
MeSH_Disease:D009369,Reactome_Pathway:R-HSA-5632928,-disease_involves->
MeSH_Disease:D015518,Reactome_Pathway:R-HSA-9022535,-disease_involves->
MeSH_Disease:D008052,Reactome_Pathway:R-HSA-9759774,-disease_involves->
MeSH_Disease:D018149,Reactome_Pathway:R-HSA-5656364,-disease_involves->
MeSH_Disease:D015658,Reactome_Pathway:R-HSA-164939,-disease_involves->
MeSH_Disease:D005878,Reactome_Pathway:R-HSA-5579002,-disease_involves->
MeSH_Disease:D003414,Reactome_Pathway:R-HSA-5579002,-disease_involves->
MeSH_Disease:D009369,Reactome_Pathway:R-HSA-5674404,-disease_involves->
MeSH_Disease:D009369,Reactome_Pathway:R-HSA-9669934,-disease_involves->
MeSH_Disease:D006933,Reactome_Pathway:R-HSA-5579002,-disease_involves->
MeSH_Disease:D006932,Reactome_Pathway:R-HSA-5579002,-disease_involves->
MeSH_Disease:D008661,Reactome_Pathway:R-HSA-5579029,-disease_involves->
MeSH_Disease:D009083,Reactome_Pathway:R-HSA-2206280,-disease_involves->
MeSH_Disease:D015658,Reactome_Pathway:R-HSA-167152,-disease_involves->
MeSH_Disease:D019636,Reactome_Pathway:R-HSA-5619061,-disease_involves->
MeSH_Disease:D016773,Reactome_Pathway:R-HSA-9660821,-disease_involves->
MeSH_Disease:D006319,Reactome_Pathway:R-HSA-5619061,-disease_involves->
MeSH_Disease:D015419,Reactome_Pathway:R-HSA-5619061,-disease_involves->
MeSH_Disease:D000749,Reactome_Pathway:R-HSA-3359462,-disease_involves->
MeSH_Disease:D007251,Reactome_Pathway:R-HSA-168275,-disease_involves->
MeSH_Disease:D007251,Reactome_Pathway:R-HSA-192814,-disease_involves->
MeSH_Disease:D007251,Reactome_Pathway:R-HSA-192823,-disease_involves->
MeSH_Disease:D045169,Reactome_Pathway:R-HSA-9683701,-disease_involves->
MeSH_Disease:D000749,Reactome_Pathway:R-HSA-3359463,-disease_involves->
MeSH_Disease:D015658,Reactome_Pathway:R-HSA-182218,-disease_involves->
MeSH_Disease:D015658,Reactome_Pathway:R-HSA-167287,-disease_involves->
MeSH_Disease:D007251,Reactome_Pathway:R-HSA-168273,-disease_involves->
MeSH_Disease:D009369,Reactome_Pathway:R-HSA-9674404,-disease_involves->
MeSH_Disease:D015518,Reactome_Pathway:R-HSA-9022538,-disease_involves->
MeSH_Disease:D015179,Reactome_Pathway:R-HSA-9608290,-disease_involves->
MeSH_Disease:D009369,Reactome_Pathway:R-HSA-9608290,-disease_involves->
MeSH_Disease:D009369,Reactome_Pathway:R-HSA-9753512,-disease_involves->
MeSH_Disease:D009369,Reactome_Pathway:R-HSA-5632968,-disease_involves->
MeSH_Disease:D054179,Reactome_Pathway:R-HSA-9657689,-disease_involves->
MeSH_Disease:D001906,Reactome_Pathway:R-HSA-5250968,-disease_involves->
MeSH_Disease:D018981,Reactome_Pathway:R-HSA-5609975,-disease_involves->
MeSH_Disease:D006008,Reactome_Pathway:R-HSA-3858516,-disease_involves->
MeSH_Disease:D009084,Reactome_Pathway:R-HSA-2206282,-disease_involves->
MeSH_Disease:D015658,Reactome_Pathway:R-HSA-177539,-disease_involves->
MeSH_Disease:D015658,Reactome_Pathway:R-HSA-162909,-disease_involves->
MeSH_Disease:D009369,Reactome_Pathway:R-HSA-9645722,-disease_involves->
MeSH_Disease:D014777,Reactome_Pathway:R-HSA-9609690,-disease_involves->
MeSH_Disease:D001102,Reactome_Pathway:R-HSA-9609690,-disease_involves->
MeSH_Disease:D009369,Reactome_Pathway:R-HSA-1839130,-disease_involves->
MeSH_Disease:D016773,Reactome_Pathway:R-HSA-9662834,-disease_involves->
MeSH_Disease:D015179,Reactome_Pathway:R-HSA-5083636,-disease_involves->
MeSH_Disease:D009369,Reactome_Pathway:R-HSA-2033514,-disease_involves->
MeSH_Disease:D013631,Reactome_Pathway:R-HSA-5682113,-disease_involves->
MeSH_Disease:D015518,Reactome_Pathway:R-HSA-9005891,-disease_involves->
MeSH_Disease:D009369,Reactome_Pathway:R-HSA-8853333,-disease_involves->
MeSH_Disease:D009369,Reactome_Pathway:R-HSA-9652169,-disease_involves->
MeSH_Disease:D001523,Reactome_Pathway:R-HSA-5579012,-disease_involves->
MeSH_Disease:D015658,Reactome_Pathway:R-HSA-162906,-disease_involves->
MeSH_Disease:D007251,Reactome_Pathway:R-HSA-168888,-disease_involves->
MeSH_Disease:D015518,Reactome_Pathway:R-HSA-9022534,-disease_involves->
MeSH_Disease:D006467,Reactome_Pathway:R-HSA-9672393,-disease_involves->
MeSH_Disease:D009369,Reactome_Pathway:R-HSA-5632927,-disease_involves->
MeSH_Disease:D007153,Reactome_Pathway:R-HSA-5603041,-disease_involves->
MeSH_Disease:D009369,Reactome_Pathway:R-HSA-4839744,-disease_involves->
MeSH_Disease:D006712,Reactome_Pathway:R-HSA-5683329,-disease_involves->
MeSH_Disease:D016773,Reactome_Pathway:R-HSA-9664433,-disease_involves->
MeSH_Disease:D009634,Reactome_Pathway:R-HSA-9726840,-disease_involves->
MeSH_Disease:D015658,Reactome_Pathway:R-HSA-180585,-disease_involves->
MeSH_Disease:D045169,Reactome_Pathway:R-HSA-9678110,-disease_involves->
MeSH_Disease:D009369,Reactome_Pathway:R-HSA-5358747,-disease_involves->
MeSH_Disease:D009369,Reactome_Pathway:R-HSA-9674396,-disease_involves->
MeSH_Disease:D009369,Reactome_Pathway:R-HSA-5467337,-disease_involves->
MeSH_Disease:D016773,Reactome_Pathway:R-HSA-9662851,-disease_involves->
MeSH_Disease:D007251,Reactome_Pathway:R-HSA-168305,-disease_involves->
MeSH_Disease:D009369,Reactome_Pathway:R-HSA-9674415,-disease_involves->
MeSH_Disease:D015419,Reactome_Pathway:R-HSA-5579013,-disease_involves->
MeSH_Disease:D009369,Reactome_Pathway:R-HSA-9649913,-disease_involves->
MeSH_Disease:D006061,Reactome_Pathway:R-HSA-5362768,-disease_involves->
MeSH_Disease:D016142,Reactome_Pathway:R-HSA-5362768,-disease_involves->
MeSH_Disease:D006250,Reactome_Pathway:R-HSA-5659735,-disease_involves->
MeSH_Disease:D009369,Reactome_Pathway:R-HSA-5340573,-disease_involves->
MeSH_Disease:D002836,Reactome_Pathway:R-HSA-9673202,-disease_involves->
MeSH_Disease:D009369,Reactome_Pathway:R-HSA-9703465,-disease_involves->
MeSH_Disease:D015658,Reactome_Pathway:R-HSA-167158,-disease_involves->
MeSH_Disease:D015179,Reactome_Pathway:R-HSA-9605310,-disease_involves->
MeSH_Disease:D009369,Reactome_Pathway:R-HSA-9605310,-disease_involves->
MeSH_Disease:D016773,Reactome_Pathway:R-HSA-9664417,-disease_involves->
MeSH_Disease:D004194,Reactome_Pathway:R-HSA-9675151,-disease_involves->
MeSH_Disease:D009369,Reactome_Pathway:R-HSA-3304356,-disease_involves->
MeSH_Disease:D014777,Reactome_Pathway:R-HSA-9679191,-disease_involves->
MeSH_Disease:D001102,Reactome_Pathway:R-HSA-9679191,-disease_involves->
MeSH_Disease:D009369,Reactome_Pathway:R-HSA-5358749,-disease_involves->
MeSH_Disease:D006008,Reactome_Pathway:R-HSA-3229121,-disease_involves->
MeSH_Disease:C536778,Reactome_Pathway:R-HSA-5619053,-disease_involves->
MeSH_Disease:D009369,Reactome_Pathway:R-HSA-9670615,-disease_involves->
MeSH_Disease:D009369,Reactome_Pathway:R-HSA-9608287,-disease_involves->
MeSH_Disease:D015179,Reactome_Pathway:R-HSA-9608287,-disease_involves->
MeSH_Disease:D013742,Reactome_Pathway:R-HSA-168799,-disease_involves->
MeSH_Disease:D009369,Reactome_Pathway:R-HSA-2644602,-disease_involves->
MeSH_Disease:D001906,Reactome_Pathway:R-HSA-168799,-disease_involves->
MeSH_Disease:D000307,Reactome_Pathway:R-HSA-5579028,-disease_involves->
MeSH_Disease:D009369,Reactome_Pathway:R-HSA-9669937,-disease_involves->
MeSH_Disease:D009369,Reactome_Pathway:R-HSA-9673767,-disease_involves->
MeSH_Disease:D004194,Reactome_Pathway:R-HSA-5619115,-disease_involves->
MeSH_Disease:D009369,Reactome_Pathway:R-HSA-9663199,-disease_involves->
MeSH_Disease:D003317,Reactome_Pathway:R-HSA-3656225,-disease_involves->
MeSH_Disease:D007251,Reactome_Pathway:R-HSA-168315,-disease_involves->
MeSH_Disease:D001906,Reactome_Pathway:R-HSA-5250992,-disease_involves->
MeSH_Disease:D003398,Reactome_Pathway:R-HSA-5579015,-disease_involves->
MeSH_Disease:D009422,Reactome_Pathway:R-HSA-9697154,-disease_involves->
MeSH_Disease:D004194,Reactome_Pathway:R-HSA-5619102,-disease_involves->
MeSH_Disease:D016773,Reactome_Pathway:R-HSA-9664422,-disease_involves->
MeSH_Disease:D006819,Reactome_Pathway:R-HSA-5688354,-disease_involves->
MeSH_Disease:D007251,Reactome_Pathway:R-HSA-168303,-disease_involves->
MeSH_Disease:D017563,Reactome_Pathway:R-HSA-5688354,-disease_involves->
MeSH_Disease:D013103,Reactome_Pathway:R-HSA-5619050,-disease_involves->
MeSH_Disease:D001906,Reactome_Pathway:R-HSA-5250958,-disease_involves->
MeSH_Disease:D009369,Reactome_Pathway:R-HSA-9669917,-disease_involves->
MeSH_Disease:D015417,Reactome_Pathway:R-HSA-5619114,-disease_involves->
MeSH_Disease:D015658,Reactome_Pathway:R-HSA-173107,-disease_involves->
MeSH_Disease:D009369,Reactome_Pathway:R-HSA-2644606,-disease_involves->
MeSH_Disease:D003555,Reactome_Pathway:R-HSA-5619113,-disease_involves->
MeSH_Disease:D000141,Reactome_Pathway:R-HSA-5619050,-disease_involves->
MeSH_Disease:D045169,Reactome_Pathway:R-HSA-9735871,-disease_involves->
MeSH_Disease:D020294,Reactome_Pathway:R-HSA-5633231,-disease_involves->
MeSH_Disease:D015458,Reactome_Pathway:R-HSA-2644606,-disease_involves->
MeSH_Disease:D017490,Reactome_Pathway:R-HSA-5682294,-disease_involves->
MeSH_Disease:D009087,Reactome_Pathway:R-HSA-2206285,-disease_involves->
MeSH_Disease:D009369,Reactome_Pathway:R-HSA-5545483,-disease_involves->
MeSH_Disease:D006061,Reactome_Pathway:R-HSA-5658034,-disease_involves->
MeSH_Disease:D016142,Reactome_Pathway:R-HSA-5387390,-disease_involves->
MeSH_Disease:D009765,Reactome_Pathway:R-HSA-5579031,-disease_involves->
MeSH_Disease:D000307,Reactome_Pathway:R-HSA-5579031,-disease_involves->
MeSH_Disease:D012279,Reactome_Pathway:R-HSA-5579014,-disease_involves->
MeSH_Disease:D009369,Reactome_Pathway:R-HSA-9702614,-disease_involves->
MeSH_Disease:D001321,Reactome_Pathway:R-HSA-5619052,-disease_involves->
MeSH_Disease:D018981,Reactome_Pathway:R-HSA-5609974,-disease_involves->
MeSH_Disease:D002277,Reactome_Pathway:R-HSA-5083632,-disease_involves->
MeSH_Disease:D009375,Reactome_Pathway:R-HSA-5083632,-disease_involves->
MeSH_Disease:D000592,Reactome_Pathway:R-HSA-5660686,-disease_involves->
MeSH_Disease:D009369,Reactome_Pathway:R-HSA-9671555,-disease_involves->
MeSH_Disease:D006432,Reactome_Pathway:R-HSA-5655799,-disease_involves->
MeSH_Disease:D009369,Reactome_Pathway:R-HSA-9665686,-disease_involves->
MeSH_Disease:D014375,Reactome_Pathway:R-HSA-9639775,-disease_involves->
MeSH_Disease:D009369,Reactome_Pathway:R-HSA-9702581,-disease_involves->
MeSH_Disease:D009369,Reactome_Pathway:R-HSA-5632987,-disease_involves->
MeSH_Disease:D015658,Reactome_Pathway:R-HSA-167172,-disease_involves->
MeSH_Disease:D006330,Reactome_Pathway:R-HSA-3560801,-disease_involves->
MeSH_Disease:D011649,Reactome_Pathway:R-HSA-5688849,-disease_involves->
MeSH_Disease:D009369,Reactome_Pathway:R-HSA-9674428,-disease_involves->
MeSH_Disease:D015658,Reactome_Pathway:R-HSA-164843,-disease_involves->
MeSH_Disease:D014777,Reactome_Pathway:R-HSA-9610379,-disease_involves->
MeSH_Disease:D001102,Reactome_Pathway:R-HSA-9610379,-disease_involves->
MeSH_Disease:D016773,Reactome_Pathway:R-HSA-9664407,-disease_involves->
MeSH_Disease:D002239,Reactome_Pathway:R-HSA-5662853,-disease_involves->
MeSH_Disease:D009369,Reactome_Pathway:R-HSA-9646304,-disease_involves->
MeSH_Disease:D014777,Reactome_Pathway:R-HSA-9609646,-disease_involves->
MeSH_Disease:D001102,Reactome_Pathway:R-HSA-9609646,-disease_involves->
MeSH_Disease:D009369,Reactome_Pathway:R-HSA-2644605,-disease_involves->
MeSH_Disease:D009369,Reactome_Pathway:R-HSA-6802952,-disease_involves->
MeSH_Disease:D009369,Reactome_Pathway:R-HSA-9717323,-disease_involves->
MeSH_Disease:D017253,Reactome_Pathway:R-HSA-6802953,-disease_involves->
MeSH_Disease:D009369,Reactome_Pathway:R-HSA-6802953,-disease_involves->
MeSH_Disease:D009369,Reactome_Pathway:R-HSA-3315487,-disease_involves->
MeSH_Disease:D009369,Reactome_Pathway:R-HSA-9665348,-disease_involves->
MeSH_Disease:D009369,Reactome_Pathway:R-HSA-9670621,-disease_involves->
MeSH_Disease:D009369,Reactome_Pathway:R-HSA-9700649,-disease_involves->
MeSH_Disease:D000567,Reactome_Pathway:R-HSA-5619055,-disease_involves->
MeSH_Disease:D015658,Reactome_Pathway:R-HSA-175567,-disease_involves->
MeSH_Disease:D006983,Reactome_Pathway:R-HSA-5678420,-disease_involves->
MeSH_Disease:D009369,Reactome_Pathway:R-HSA-5467348,-disease_involves->
MeSH_Disease:D015658,Reactome_Pathway:R-HSA-167242,-disease_involves->
MeSH_Disease:D009369,Reactome_Pathway:R-HSA-9670613,-disease_involves->
MeSH_Disease:D009369,Reactome_Pathway:R-HSA-5655332,-disease_involves->
MeSH_Disease:D009369,Reactome_Pathway:R-HSA-4839743,-disease_involves->
MeSH_Disease:D004535,Reactome_Pathway:R-HSA-3560783,-disease_involves->
MeSH_Disease:D017042,Reactome_Pathway:R-HSA-2160456,-disease_involves->
MeSH_Disease:D010661,Reactome_Pathway:R-HSA-2160456,-disease_involves->
MeSH_Disease:D009369,Reactome_Pathway:R-HSA-9702509,-disease_involves->
MeSH_Disease:D045169,Reactome_Pathway:R-HSA-9678108,-disease_involves->
MeSH_Disease:C562405,Reactome_Pathway:R-HSA-5687583,-disease_involves->
MeSH_Disease:D009369,Reactome_Pathway:R-HSA-2644607,-disease_involves->
MeSH_Disease:D009369,Reactome_Pathway:R-HSA-9702577,-disease_involves->
MeSH_Disease:D045169,Reactome_Pathway:R-HSA-9692914,-disease_involves->
MeSH_Disease:D010009,Reactome_Pathway:R-HSA-5678420,-disease_involves->
MeSH_Disease:D002311,Reactome_Pathway:R-HSA-5678420,-disease_involves->
MeSH_Disease:D009369,Reactome_Pathway:R-HSA-9702998,-disease_involves->
MeSH_Disease:D014375,Reactome_Pathway:R-HSA-9636467,-disease_involves->
MeSH_Disease:D009369,Reactome_Pathway:R-HSA-5358751,-disease_involves->
MeSH_Disease:D009369,Reactome_Pathway:R-HSA-9701192,-disease_involves->
MeSH_Disease:D003555,Reactome_Pathway:R-HSA-5660883,-disease_involves->
MeSH_Disease:D009084,Reactome_Pathway:R-HSA-2206305,-disease_involves->
MeSH_Disease:D014375,Reactome_Pathway:R-HSA-9637687,-disease_involves->
MeSH_Disease:D006467,Reactome_Pathway:R-HSA-9672387,-disease_involves->
MeSH_Disease:D005128,Reactome_Pathway:R-HSA-5083635,-disease_involves->
MeSH_Disease:D045169,Reactome_Pathway:R-HSA-9682706,-disease_involves->
MeSH_Disease:D009634,Reactome_Pathway:R-HSA-9660537,-disease_involves->
MeSH_Disease:D009369,Reactome_Pathway:R-HSA-1839122,-disease_involves->
MeSH_Disease:D009369,Reactome_Pathway:R-HSA-6802957,-disease_involves->
MeSH_Disease:D009369,Reactome_Pathway:R-HSA-2023837,-disease_involves->
MeSH_Disease:D009634,Reactome_Pathway:R-HSA-9726842,-disease_involves->
MeSH_Disease:D014375,Reactome_Pathway:R-HSA-9636383,-disease_involves->
MeSH_Disease:D018981,Reactome_Pathway:R-HSA-3906995,-disease_involves->
MeSH_Disease:D009369,Reactome_Pathway:R-HSA-5423599,-disease_involves->
MeSH_Disease:D000749,Reactome_Pathway:R-HSA-3359454,-disease_involves->
MeSH_Disease:D009369,Reactome_Pathway:R-HSA-9717326,-disease_involves->
MeSH_Disease:D009369,Reactome_Pathway:R-HSA-9670439,-disease_involves->
MeSH_Disease:D014375,Reactome_Pathway:R-HSA-9637628,-disease_involves->
MeSH_Disease:D008661,Reactome_Pathway:R-HSA-5619070,-disease_involves->
MeSH_Disease:D007251,Reactome_Pathway:R-HSA-168874,-disease_involves->
MeSH_Disease:D009369,Reactome_Pathway:R-HSA-9665251,-disease_involves->
MeSH_Disease:D009369,Reactome_Pathway:R-HSA-9702590,-disease_involves->
MeSH_Disease:D014375,Reactome_Pathway:R-HSA-9635486,-disease_involves->
MeSH_Disease:D000168,Reactome_Pathway:R-HSA-8851708,-disease_involves->
MeSH_Disease:D009369,Reactome_Pathway:R-HSA-9702518,-disease_involves->
MeSH_Disease:D054179,Reactome_Pathway:R-HSA-9657688,-disease_involves->
MeSH_Disease:D007153,Reactome_Pathway:R-HSA-5603027,-disease_involves->
MeSH_Disease:D009369,Reactome_Pathway:R-HSA-9616334,-disease_involves->
MeSH_Disease:D016773,Reactome_Pathway:R-HSA-9673324,-disease_involves->
MeSH_Disease:D010004,Reactome_Pathway:R-HSA-5619095,-disease_involves->
MeSH_Disease:D008059,Reactome_Pathway:R-HSA-2206302,-disease_involves->
MeSH_Disease:D007251,Reactome_Pathway:R-HSA-168330,-disease_involves->
MeSH_Disease:D019294,Reactome_Pathway:R-HSA-5578996,-disease_involves->
MeSH_Disease:D044542,Reactome_Pathway:R-HSA-9656223,-disease_involves->
MeSH_Disease:D009634,Reactome_Pathway:R-HSA-9656223,-disease_involves->
MeSH_Disease:D009369,Reactome_Pathway:R-HSA-9006821,-disease_involves->
MeSH_Disease:D009369,Reactome_Pathway:R-HSA-9656223,-disease_involves->
MeSH_Disease:D002312,Reactome_Pathway:R-HSA-9656223,-disease_involves->
MeSH_Disease:D014375,Reactome_Pathway:R-HSA-1222387,-disease_involves->
MeSH_Disease:D005693,Reactome_Pathway:R-HSA-5609977,-disease_involves->
MeSH_Disease:D009369,Reactome_Pathway:R-HSA-9702620,-disease_involves->
MeSH_Disease:D015658,Reactome_Pathway:R-HSA-180689,-disease_involves->
MeSH_Disease:D009369,Reactome_Pathway:R-HSA-4839748,-disease_involves->
MeSH_Disease:D009369,Reactome_Pathway:R-HSA-5545619,-disease_involves->
MeSH_Disease:D009369,Reactome_Pathway:R-HSA-2660826,-disease_involves->
MeSH_Disease:D015614,Reactome_Pathway:R-HSA-5619063,-disease_involves->
MeSH_Disease:D015658,Reactome_Pathway:R-HSA-162592,-disease_involves->
MeSH_Disease:D009369,Reactome_Pathway:R-HSA-3304351,-disease_involves->
MeSH_Disease:D018981,Reactome_Pathway:R-HSA-3781865,-disease_involves->
MeSH_Disease:D006819,Reactome_Pathway:R-HSA-5688031,-disease_involves->
MeSH_Disease:D017563,Reactome_Pathway:R-HSA-5688031,-disease_involves->
MeSH_Disease:D009369,Reactome_Pathway:R-HSA-9665737,-disease_involves->
MeSH_Disease:D000592,Reactome_Pathway:R-HSA-5659729,-disease_involves->
MeSH_Disease:D014375,Reactome_Pathway:R-HSA-9636667,-disease_involves->
MeSH_Disease:D014375,Reactome_Pathway:R-HSA-1222538,-disease_involves->
MeSH_Disease:D015458,Reactome_Pathway:R-HSA-2660826,-disease_involves->
MeSH_Disease:D009369,Reactome_Pathway:R-HSA-3304349,-disease_involves->
MeSH_Disease:D009369,Reactome_Pathway:R-HSA-5467343,-disease_involves->
MeSH_Disease:D020294,Reactome_Pathway:R-HSA-4549349,-disease_involves->
MeSH_Disease:D009396,Reactome_Pathway:R-HSA-4839748,-disease_involves->
MeSH_Disease:D007680,Reactome_Pathway:R-HSA-4839748,-disease_involves->
MeSH_Disease:D018981,Reactome_Pathway:R-HSA-3781860,-disease_involves->
MeSH_Disease:D001906,Reactome_Pathway:R-HSA-5250971,-disease_involves->
MeSH_Disease:D009369,Reactome_Pathway:R-HSA-9702624,-disease_involves->
MeSH_Disease:D009765,Reactome_Pathway:R-HSA-5619094,-disease_involves->
MeSH_Disease:D009369,Reactome_Pathway:R-HSA-9699150,-disease_involves->
MeSH_Disease:D004827,Reactome_Pathway:R-HSA-5619083,-disease_involves->
MeSH_Disease:D015658,Reactome_Pathway:R-HSA-180534,-disease_involves->
MeSH_Disease:D005097,Reactome_Pathway:R-HSA-3656237,-disease_involves->
MeSH_Disease:D000544,Reactome_Pathway:R-HSA-8862803,-disease_involves->
MeSH_Disease:D005909,Reactome_Pathway:R-HSA-2978092,-disease_involves->
MeSH_Disease:D009369,Reactome_Pathway:R-HSA-9665233,-disease_involves->
MeSH_Disease:D009369,Reactome_Pathway:R-HSA-9632693,-disease_involves->
MeSH_Disease:D006819,Reactome_Pathway:R-HSA-5688399,-disease_involves->
MeSH_Disease:D017563,Reactome_Pathway:R-HSA-5688399,-disease_involves->
MeSH_Disease:D009369,Reactome_Pathway:R-HSA-9725371,-disease_involves->
MeSH_Disease:D015658,Reactome_Pathway:R-HSA-164525,-disease_involves->
MeSH_Disease:D000743,Reactome_Pathway:R-HSA-5578999,-disease_involves->
MeSH_Disease:D009369,Reactome_Pathway:R-HSA-9632700,-disease_involves->
MeSH_Disease:D009369,Reactome_Pathway:R-HSA-9763198,-disease_involves->
MeSH_Disease:D015658,Reactome_Pathway:R-HSA-162589,-disease_involves->
MeSH_Disease:D009369,Reactome_Pathway:R-HSA-5467333,-disease_involves->
MeSH_Disease:D009369,Reactome_Pathway:R-HSA-9702596,-disease_involves->
MeSH_Disease:D015458,Reactome_Pathway:R-HSA-2894858,-disease_involves->
MeSH_Disease:C580065,Reactome_Pathway:R-HSA-5619062,-disease_involves->
MeSH_Disease:D009369,Reactome_Pathway:R-HSA-1839124,-disease_involves->
MeSH_Disease:D009084,Reactome_Pathway:R-HSA-2206307,-disease_involves->
MeSH_Disease:D043202,Reactome_Pathway:R-HSA-5579009,-disease_involves->
MeSH_Disease:D009369,Reactome_Pathway:R-HSA-9673766,-disease_involves->
MeSH_Disease:D009369,Reactome_Pathway:R-HSA-9665250,-disease_involves->
MeSH_Disease:D009369,Reactome_Pathway:R-HSA-2894858,-disease_involves->
MeSH_Disease:D016773,Reactome_Pathway:R-HSA-9664420,-disease_involves->
MeSH_Disease:D030342,Reactome_Pathway:R-HSA-9673013,-disease_involves->
MeSH_Disease:D015458,Reactome_Pathway:R-HSA-2660825,-disease_involves->
MeSH_Disease:D009369,Reactome_Pathway:R-HSA-2660825,-disease_involves->
MeSH_Disease:D009083,Reactome_Pathway:R-HSA-2206281,-disease_involves->
MeSH_Disease:D019636,Reactome_Pathway:R-HSA-5619081,-disease_involves->
MeSH_Disease:D009369,Reactome_Pathway:R-HSA-1839126,-disease_involves->
MeSH_Disease:D015658,Reactome_Pathway:R-HSA-164516,-disease_involves->
MeSH_Disease:D015458,Reactome_Pathway:R-HSA-2894862,-disease_involves->
MeSH_Disease:D009369,Reactome_Pathway:R-HSA-2894862,-disease_involves->
MeSH_Disease:D014375,Reactome_Pathway:R-HSA-9636249,-disease_involves->
MeSH_Disease:D002836,Reactome_Pathway:R-HSA-9673221,-disease_involves->
MeSH_Disease:D008052,Reactome_Pathway:R-HSA-5679090,-disease_involves->
MeSH_Disease:D050197,Reactome_Pathway:R-HSA-5679090,-disease_involves->
MeSH_Disease:D001161,Reactome_Pathway:R-HSA-5679090,-disease_involves->
MeSH_Disease:D009369,Reactome_Pathway:R-HSA-8853336,-disease_involves->
MeSH_Disease:D006819,Reactome_Pathway:R-HSA-5688890,-disease_involves->
MeSH_Disease:D011649,Reactome_Pathway:R-HSA-5688890,-disease_involves->
MeSH_Disease:D009084,Reactome_Pathway:R-HSA-2206291,-disease_involves->
MeSH_Disease:D009369,Reactome_Pathway:R-HSA-9700206,-disease_involves->
MeSH_Disease:D015419,Reactome_Pathway:R-HSA-5579011,-disease_involves->
MeSH_Disease:D009369,Reactome_Pathway:R-HSA-9702636,-disease_involves->
MeSH_Disease:D009369,Reactome_Pathway:R-HSA-9665247,-disease_involves->
MeSH_Disease:D008171,Reactome_Pathway:R-HSA-5687613,-disease_involves->
MeSH_Disease:D009369,Reactome_Pathway:R-HSA-9657050,-disease_involves->
MeSH_Disease:D009369,Reactome_Pathway:R-HSA-9645723,-disease_involves->
MeSH_Disease:D006432,Reactome_Pathway:R-HSA-5619049,-disease_involves->
MeSH_Disease:D019636,Reactome_Pathway:R-HSA-9645723,-disease_involves->
MeSH_Disease:D009369,Reactome_Pathway:R-HSA-5467345,-disease_involves->
MeSH_Disease:D005097,Reactome_Pathway:R-HSA-3656253,-disease_involves->
MeSH_Disease:D009369,Reactome_Pathway:R-HSA-5674400,-disease_involves->
MeSH_Disease:D015658,Reactome_Pathway:R-HSA-162599,-disease_involves->
MeSH_Disease:D008661,Reactome_Pathway:R-HSA-5578998,-disease_involves->
MeSH_Disease:D054437,Reactome_Pathway:R-HSA-1839117,-disease_involves->
MeSH_Disease:D006933,Reactome_Pathway:R-HSA-5619058,-disease_involves->
MeSH_Disease:D006932,Reactome_Pathway:R-HSA-5619058,-disease_involves->
MeSH_Disease:D007251,Reactome_Pathway:R-HSA-169131,-disease_involves->
MeSH_Disease:D009369,Reactome_Pathway:R-HSA-9703009,-disease_involves->
MeSH_Disease:D001927,Reactome_Pathway:R-HSA-5619089,-disease_involves->
MeSH_Disease:D009369,Reactome_Pathway:R-HSA-3642279,-disease_involves->
MeSH_Disease:D009369,Reactome_Pathway:R-HSA-9725370,-disease_involves->
MeSH_Disease:D009369,Reactome_Pathway:R-HSA-5637815,-disease_involves->
MeSH_Disease:D003550,Reactome_Pathway:R-HSA-5678895,-disease_involves->
MeSH_Disease:D009369,Reactome_Pathway:R-HSA-9665249,-disease_involves->
MeSH_Disease:D007926,Reactome_Pathway:R-HSA-9734281,-disease_involves->
MeSH_Disease:D015658,Reactome_Pathway:R-HSA-180746,-disease_involves->
MeSH_Disease:D006467,Reactome_Pathway:R-HSA-9651496,-disease_involves->
MeSH_Disease:D015658,Reactome_Pathway:R-HSA-177243,-disease_involves->
MeSH_Disease:D002836,Reactome_Pathway:R-HSA-9651496,-disease_involves->
MeSH_Disease:D002836,Reactome_Pathway:R-HSA-9673240,-disease_involves->
MeSH_Disease:D009369,Reactome_Pathway:R-HSA-1236382,-disease_involves->
MeSH_Disease:D000592,Reactome_Pathway:R-HSA-5619067,-disease_involves->
MeSH_Disease:D009369,Reactome_Pathway:R-HSA-9734009,-disease_involves->
MeSH_Disease:D054179,Reactome_Pathway:R-HSA-9651496,-disease_involves->
MeSH_Disease:D012559,Reactome_Pathway:R-HSA-5619067,-disease_involves->
MeSH_Disease:D019851,Reactome_Pathway:R-HSA-9651496,-disease_involves->
MeSH_Disease:D019636,Reactome_Pathway:R-HSA-9734009,-disease_involves->
MeSH_Disease:D015658,Reactome_Pathway:R-HSA-162588,-disease_involves->
MeSH_Disease:D019636,Reactome_Pathway:R-HSA-8863678,-disease_involves->
MeSH_Disease:D001906,Reactome_Pathway:R-HSA-5250981,-disease_involves->
MeSH_Disease:D009369,Reactome_Pathway:R-HSA-5340588,-disease_involves->
MeSH_Disease:D002836,Reactome_Pathway:R-HSA-9668250,-disease_involves->
MeSH_Disease:D006819,Reactome_Pathway:R-HSA-5687868,-disease_involves->
MeSH_Disease:D000141,Reactome_Pathway:R-HSA-5619054,-disease_involves->
MeSH_Disease:D000746,Reactome_Pathway:R-HSA-5619056,-disease_involves->
MeSH_Disease:C531816,Reactome_Pathway:R-HSA-9734735,-disease_involves->
MeSH_Disease:D019851,Reactome_Pathway:R-HSA-9672383,-disease_involves->
MeSH_Disease:D019636,Reactome_Pathway:R-HSA-5660724,-disease_involves->
MeSH_Disease:D000544,Reactome_Pathway:R-HSA-9656256,-disease_involves->
MeSH_Disease:D009369,Reactome_Pathway:R-HSA-9656256,-disease_involves->
MeSH_Disease:D005693,Reactome_Pathway:R-HSA-5609976,-disease_involves->
MeSH_Disease:D002239,Reactome_Pathway:R-HSA-5657562,-disease_involves->
MeSH_Disease:D009369,Reactome_Pathway:R-HSA-9665244,-disease_involves->
MeSH_Disease:D009369,Reactome_Pathway:R-HSA-9669933,-disease_involves->
MeSH_Disease:D009085,Reactome_Pathway:R-HSA-2206290,-disease_involves->
MeSH_Disease:D016464,Reactome_Pathway:R-HSA-4341670,-disease_involves->
MeSH_Disease:C562405,Reactome_Pathway:R-HSA-5619045,-disease_involves->
MeSH_Disease:C562587,Reactome_Pathway:R-HSA-9735763,-disease_involves->
MeSH_Disease:D006934,Reactome_Pathway:R-HSA-5579010,-disease_involves->
MeSH_Disease:D008661,Reactome_Pathway:R-HSA-5578995,-disease_involves->
MeSH_Disease:D009369,Reactome_Pathway:R-HSA-5655302,-disease_involves->
MeSH_Disease:D000592,Reactome_Pathway:R-HSA-5660862,-disease_involves->
MeSH_Disease:D012164,Reactome_Pathway:R-HSA-2453864,-disease_involves->
MeSH_Disease:D007153,Reactome_Pathway:R-HSA-5603037,-disease_involves->
MeSH_Disease:D009369,Reactome_Pathway:R-HSA-9665230,-disease_involves->
MeSH_Disease:D002780,Reactome_Pathway:R-HSA-5678771,-disease_involves->
MeSH_Disease:D018979,Reactome_Pathway:R-HSA-4085011,-disease_involves->
MeSH_Disease:D009369,Reactome_Pathway:R-HSA-9702605,-disease_involves->
MeSH_Disease:D009369,Reactome_Pathway:R-HSA-9669935,-disease_involves->
MeSH_Disease:D009369,Reactome_Pathway:R-HSA-9656249,-disease_involves->
MeSH_Disease:D000544,Reactome_Pathway:R-HSA-9656249,-disease_involves->
MeSH_Disease:D029461,Reactome_Pathway:R-HSA-4085011,-disease_involves->
MeSH_Disease:D009369,Reactome_Pathway:R-HSA-9630222,-disease_involves->
MeSH_Disease:D045169,Reactome_Pathway:R-HSA-9679514,-disease_involves->
MeSH_Disease:D009369,Reactome_Pathway:R-HSA-2219530,-disease_involves->
MeSH_Disease:D009369,Reactome_Pathway:R-HSA-9656255,-disease_involves->
MeSH_Disease:D009369,Reactome_Pathway:R-HSA-2219528,-disease_involves->
MeSH_Disease:D009369,Reactome_Pathway:R-HSA-6802946,-disease_involves->
MeSH_Disease:D009369,Reactome_Pathway:R-HSA-9665245,-disease_involves->
MeSH_Disease:D001906,Reactome_Pathway:R-HSA-5250955,-disease_involves->
MeSH_Disease:D014375,Reactome_Pathway:R-HSA-9635465,-disease_involves->
MeSH_Disease:D009369,Reactome_Pathway:R-HSA-9680187,-disease_involves->
MeSH_Disease:D045169,Reactome_Pathway:R-HSA-9682708,-disease_involves->
MeSH_Disease:D015658,Reactome_Pathway:R-HSA-165054,-disease_involves->
MeSH_Disease:D007153,Reactome_Pathway:R-HSA-5602498,-disease_involves->
MeSH_Disease:D004194,Reactome_Pathway:R-HSA-5663202,-disease_involves->
MeSH_Disease:D009369,Reactome_Pathway:R-HSA-5655253,-disease_involves->
MeSH_Disease:D015658,Reactome_Pathway:R-HSA-167200,-disease_involves->
MeSH_Disease:D019851,Reactome_Pathway:R-HSA-9671793,-disease_involves->
MeSH_Disease:D006467,Reactome_Pathway:R-HSA-9671793,-disease_involves->
MeSH_Disease:D016537,Reactome_Pathway:R-HSA-3656234,-disease_involves->
MeSH_Disease:D012208,Reactome_Pathway:R-HSA-5619066,-disease_involves->
MeSH_Disease:D002836,Reactome_Pathway:R-HSA-9671793,-disease_involves->
MeSH_Disease:D054179,Reactome_Pathway:R-HSA-9671793,-disease_involves->
MeSH_Disease:D006467,Reactome_Pathway:R-HSA-9672397,-disease_involves->
MeSH_Disease:D009369,Reactome_Pathway:R-HSA-9665246,-disease_involves->
MeSH_Disease:D008088,Reactome_Pathway:R-HSA-8875360,-disease_involves->
MeSH_Disease:D009369,Reactome_Pathway:R-HSA-9706377,-disease_involves->
MeSH_Disease:D017490,Reactome_Pathway:R-HSA-5579005,-disease_involves->
MeSH_Disease:D045169,Reactome_Pathway:R-HSA-9684325,-disease_involves->
MeSH_Disease:D006250,Reactome_Pathway:R-HSA-5619044,-disease_involves->
MeSH_Disease:D009369,Reactome_Pathway:R-HSA-9630750,-disease_involves->
MeSH_Disease:D014375,Reactome_Pathway:R-HSA-1222541,-disease_involves->
MeSH_Disease:D006467,Reactome_Pathway:R-HSA-9674519,-disease_involves->
MeSH_Disease:D006467,Reactome_Pathway:R-HSA-9672396,-disease_involves->
MeSH_Disease:D009369,Reactome_Pathway:R-HSA-9702600,-disease_involves->
MeSH_Disease:D007251,Reactome_Pathway:R-HSA-168333,-disease_involves->
MeSH_Disease:D009369,Reactome_Pathway:R-HSA-4791275,-disease_involves->
MeSH_Disease:D045169,Reactome_Pathway:R-HSA-9679509,-disease_involves->
MeSH_Disease:D016511,Reactome_Pathway:R-HSA-5602636,-disease_involves->
MeSH_Disease:D009369,Reactome_Pathway:R-HSA-6802955,-disease_involves->
MeSH_Disease:D009369,Reactome_Pathway:R-HSA-5467340,-disease_involves->
MeSH_Disease:D009369,Reactome_Pathway:R-HSA-9673770,-disease_involves->
MeSH_Disease:D015417,Reactome_Pathway:R-HSA-5658471,-disease_involves->
MeSH_Disease:D009369,Reactome_Pathway:R-HSA-9709570,-disease_involves->
MeSH_Disease:D007251,Reactome_Pathway:R-HSA-168274,-disease_involves->
MeSH_Disease:D009369,Reactome_Pathway:R-HSA-4839735,-disease_involves->
MeSH_Disease:D014375,Reactome_Pathway:R-HSA-1222499,-disease_involves->
MeSH_Disease:D004194,Reactome_Pathway:R-HSA-5619084,-disease_involves->
MeSH_Disease:D009369,Reactome_Pathway:R-HSA-9632697,-disease_involves->
MeSH_Disease:D009369,Reactome_Pathway:R-HSA-9669938,-disease_involves->
MeSH_Disease:D009369,Reactome_Pathway:R-HSA-9753510,-disease_involves->
MeSH_Disease:D009369,Reactome_Pathway:R-HSA-9630794,-disease_involves->
MeSH_Disease:D009369,Reactome_Pathway:R-HSA-9630791,-disease_involves->
MeSH_Disease:D013577,Reactome_Pathway:R-HSA-5619109,-disease_involves->
MeSH_Disease:D000592,Reactome_Pathway:R-HSA-5619101,-disease_involves->
MeSH_Disease:D009369,Reactome_Pathway:R-HSA-9700645,-disease_involves->
MeSH_Disease:D009369,Reactome_Pathway:R-HSA-3642278,-disease_involves->
MeSH_Disease:D018981,Reactome_Pathway:R-HSA-3560782,-disease_involves->
MeSH_Disease:D009422,Reactome_Pathway:R-HSA-9675143,-disease_involves->
MeSH_Disease:D009634,Reactome_Pathway:R-HSA-6802949,-disease_involves->
MeSH_Disease:D009369,Reactome_Pathway:R-HSA-6802949,-disease_involves->
MeSH_Disease:D015658,Reactome_Pathway:R-HSA-162594,-disease_involves->
MeSH_Disease:D015658,Reactome_Pathway:R-HSA-162585,-disease_involves->
MeSH_Disease:D046768,Reactome_Pathway:R-HSA-5683177,-disease_involves->
MeSH_Disease:D000326,Reactome_Pathway:R-HSA-5684045,-disease_involves->
MeSH_Disease:D012164,Reactome_Pathway:R-HSA-2474795,-disease_involves->
MeSH_Disease:D007003,Reactome_Pathway:R-HSA-5683177,-disease_involves->
MeSH_Disease:D009369,Reactome_Pathway:R-HSA-3645790,-disease_involves->
MeSH_Disease:D009369,Reactome_Pathway:R-HSA-9649948,-disease_involves->
MeSH_Disease:D009369,Reactome_Pathway:R-HSA-9702632,-disease_involves->
MeSH_Disease:C536170,Reactome_Pathway:R-HSA-3560792,-disease_involves->
